codigo_cnuc;unidade_de_conservacao;categoria_uc_sigla_federal;gerencia_regional_icmbio;coordenacao_regional_icmbio;unidades_da_federacao;bioma_referencial;programa_monitora ;projetos_especiais;subprograma_terrestre; componente_florestal_alvo_global;componente_florestal_alvo_complementar; componente_campestre_savanico;florestal_ea_01_alvo_global_mamiferos_aves;florestal_ea_02_alvo_global_mamiferos_aves;florestal_ea_03_alvo_global_mamiferos_aves;florestal_ea_01_alvo_global_borboletas;florestal_ea_02_alvo_global_borboletas;florestal_ea_03_alvo_global_borboletas;florestal_ea_01_alvo_global_plantas_arboreas;florestal_ea_02_alvo_global_plantas_arboreas;florestal_ea_03_alvo_global_plantas_arboreas; florestal_alvo_complementar_castanha_da_amazonia;florestal_alvo_complementar_especies_cinegeticas;florestal_alvo_complementar_mamiferos_aves;campestre_savanico_alvo_global_plantas;subprograma_aquatico_continental;componente_igarape;componente_area_alagavel_alvo_global;componente_area_alagavel_alvo_complementar;igarape_alvo_global_odonatas;igarape_alvo_global_peixes;igarape_alvo_global_habitat;area_alagavel_alvo_global_pesca;area_alagavel_alvo_complementar_quelonios;area_alagavel_alvo_complementar_pirarucu;subprograma_marinho_costeiro;componente_manguezal;componente_ambiente_recifal;componente_praia;componente_ilha;alvo_transversal_pesca_biodiversidade_associada;manguezal_alvo_global_caranguejo_uca;manguezal_alvo_global_vegetacao_de_mangue; ambiente_recifal_alvo_global_peixes_invertebrados_substrato;praia_alvo_global_aves_limicolas ;praia_alvo_global_mamiferos_marinhos;ilha_alvo_global_aves_marinhas;praia_alvo_global_tartarugas
1;APA Anhatomirim;APA;GR 5;GR 5;SC;Marinho-Costeiro;;;;;;;;;;;;;;;;;;;;;;;;;;;;;;;;;;;;;;;;;;
1521;APA Bacia do Rio Paraiba do Sul;APA;GR 4;CR - Lagoa Santa;MG/RJ/SP;Mata Atlantica;;;;;;;;;;;;;;;;;;;;;;;;;;;;;;;;;;;;;;;;;;
7;APA Barra do Rio Mamanguape;APA;GR 2;CR - Parnaíba;PB;Marinho-Costeiro;;;;;;;;;;;;;;;;;;;;;;;;;;;;;;;;;;;;;;;;;;
20;APA Carste da Lagoa Santa;APA;GR 4;CR - Lagoa Santa;MG;Cerrado;;;;;;;;;;;;;;;;;;;;;;;;;;;;;;;;;;;;;;;;;;
2;APA Cavernas do Peruacu;APA;GR 4;CR - Lagoa Santa;MG;Cerrado;;;;;;;;;;;;;;;;;;;;;;;;;;;;;;;;;;;;;;;;;;
8;APA Chapada do Araripe;APA;GR 2;CR - Parnaíba ;PI/CE/PE;Caatinga;;GEF Terrestre;;;;;;;;;;;;;;;;;;;;;;;;;;;;;;;;;;;;;;;;
1912;APA Costa das Algas;APA;GR 2;CR - Parnaíba ;ES;Mata Atlantica;;;;;;;;;;;;;;;;;;;;;;;;;;;;;;;;;;;;;;;;;;
9;APA Costa dos Corais;APA;GR 2;CR - Parnaíba ;PE/AL;Marinho-Costeiro;Operação;GEF MAR;;;;;;;;;;;;;;;;;;;;;;;;;;;;Operação;Operação;;;;Operação básico;Operação básico;Operação básico;;;;;
3;APA da Bacia do Rio Descoberto;APA;GR 4;CR - Lagoa Santa;GO/DF;Cerrado;;;;;;;;;;;;;;;;;;;;;;;;;;;;;;;;;;;;;;;;;;
4;APA da Bacia do Rio Sao Bartolomeu;APA;GR 4;Gestão transferida ao IBRAM;DF;Cerrado;;;;;;;;;;;;;;;;;;;;;;;;;;;;;;;;;;;;;;;;;;
5;APA da Bacia do Rio Sao Joao - Mico-Leao-Dourado;APA;GR 4;CR - Lagoa Santa;RJ;Mata Atlantica;;;;;;;;;;;;;;;;;;;;;;;;;;;;;;;;;;;;;;;;;;
6;APA da Baleia Franca;APA;GR 5;GR 5;SC;Marinho-Costeiro;Parada;GEF MAR;;;;;;;;;;;;;;;;;;;;;;;;;;;;Parada;;;;;Parada;;;;;;;
25;APA das Ilhas e Varzeas do Rio Parana;APA;GR 5;GR 5;SP/PR/MS;Mata Atlantica;;;;;;;;;;;;;;;;;;;;;;;;;;;;;;;;;;;;;;;;;;
28;APA das Nascentes do Rio Vermelho;APA;GR 4;CR - Lagoa Santa;BA/GO;Cerrado;;;;;;;;;;;;;;;;;;;;;;;;;;;;;;;;;;;;;;;;;;
13;APA de Cairucu;APA;GR 4;CR - Lagoa Santa;RJ/SP;Marinho-Costeiro;;;;;;;;;;;;;;;;;;;;;;;;;;;;;;;;;;;;;;;;;;
14;APA de Cananeia-Iguape-Peruibe;APA;GR 4;CR - Lagoa Santa;SP;Marinho-Costeiro;;;;;;;;;;;;;;;;;;;;;;;;;;;;;;;;;;;;;;;;;;
15;APA de Fernando de Noronha  Rocas  São Pedro e São Paulo;APA;GR 2;CR - Parnaíba ;PE;Marinho-Costeiro;Operação;GEF MAR;;;;;;;;;;;;;;;;;;;;;;;;;;;;Operação;;;Operação;Operação;Operação básico;;;;;;Operação básico e avançado;Operação básico e avançado
16;APA de Guapi-Mirim;APA;GR 4;CR - Lagoa Santa;RJ;Marinho-Costeiro;;;;;;;;;;;;;;;;;;;;;;;;;;;;;;;;;;;;;;;;;;
17;APA de Guaraquecaba;APA;GR 5;GR 5;SP/PR;Mata Atlantica;Operação;;;;;;;;;;;;;;;;;;;;;;;;;;;;;Operação;Operação;;;;;Operação básico;Operação básico;;;;;
10;APA da Região Serrana de Petrópolis;APA;GR 4;CR - Lagoa Santa;RJ;Mata Atlantica;;;;;;;;;;;;;;;;;;;;;;;;;;;;;;;;;;;;;;;;;;
18;APA de Piacabucu;APA;GR 2;CR - Parnaíba ;AL;Marinho-Costeiro;;;;;;;;;;;;;;;;;;;;;;;;;;;;;;;;;;;;;;;;;;
19;APA Delta do Parnaiba;APA;GR 2;CR - Parnaíba ;MA/PI/CE;Marinho-Costeiro;;GEF MAR;;;;;;;;;;;;;;;;;;;;;;;;;;;;;;;;;;;;;;;;
22;APA do Igarape Gelado;APA;GR 1;CR - Belém;PA;Amazonia;;;;;;;;;;;;;;;;;;;;;;;;;;;;;;;;;;;;;;;;;;
23;APA do Planalto Central;APA;GR 4;CR - Lagoa Santa;GO/DF;Cerrado;;;;;;;;;;;;;;;;;;;;;;;;;;;;;;;;;;;;;;;;;;
268;APA do Tapajos;APA;GR 1;CR - Oeste do Pará;PA;Amazonia;;;;;;;;;;;;;;;;;;;;;;;;;;;;;;;;;;;;;;;;;;
3407;APA dos Campos de Manicore;APA;GR 1;CR - Porto Velho;AM;Amazonia;;;;;;;;;;;;;;;;;;;;;;;;;;;;;;;;;;;;;;;;;;
21;APA Ibirapuita;APA;GR 5;GR 5;RS;Pampas;Parada;GEF Terrestre;Parada;;;Parada;;;;;;;;;;;;;Parada;;;;;;;;;;;;;;;;;;;;;;;
24;APA Meandros do Araguaia;APA;GR 3;GR;MT/GO;Cerrado;;;;;;;;;;;;;;;;;;;;;;;;;;;;;;;;;;;;;;;;;;
27;APA Morro da Pedreira;APA;GR 4;CR - Lagoa Santa;MG;Cerrado;;;;;;;;;;;;;;;;;;;;;;;;;;;;;;;;;;;;;;;;;;
29;APA Serra da Ibiapaba;APA;GR 2;CR - Parnaíba ;PI/CE;Caatinga;;;;;;;;;;;;;;;;;;;;;;;;;;;;;;;;;;;;;;;;;;
11;APA Serra da Mantiqueira;APA;GR 4;CR - Lagoa Santa;MG/RJ/SP;Mata Atlantica;;;;;;;;;;;;;;;;;;;;;;;;;;;;;;;;;;;;;;;;;;
1683;APA Serra da Meruoca;APA;GR 2;CR - Parnaíba ;CE;Caatinga;;;;;;;;;;;;;;;;;;;;;;;;;;;;;;;;;;;;;;;;;;
12;APA Serra da Tabatinga;APA;GR 2;CR - Parnaíba ;MA/PI;Cerrado;;;;;;;;;;;;;;;;;;;;;;;;;;;;;;;;;;;;;;;;;;
30;ARIE Buriti de Vassununga;ARIE;GR 4;CR - Lagoa Santa;SP;Mata Atlantica;;;;;;;;;;;;;;;;;;;;;;;;;;;;;;;;;;;;;;;;;;
31;ARIE Capetinga-Taquara;ARIE;GR 4;CR - Lagoa Santa;DF;Cerrado;;;;;;;;;;;;;;;;;;;;;;;;;;;;;;;;;;;;;;;;;;
32;ARIE Cerrado Pe-de-Gigante;ARIE;GR 4;CR - Lagoa Santa;SP;Mata Atlantica;;;;;;;;;;;;;;;;;;;;;;;;;;;;;;;;;;;;;;;;;;
35;ARIE Floresta da Cicuta;ARIE;GR 4;CR - Lagoa Santa;RJ;Mata Atlantica;;;;;;;;;;;;;;;;;;;;;;;;;;;;;;;;;;;;;;;;;;
36;ARIE Ilha do Ameixal;ARIE;GR 4;CR - Lagoa Santa;SP;Marinho-Costeiro;;;;;;;;;;;;;;;;;;;;;;;;;;;;;;;;;;;;;;;;;;
37;ARIE Ilhas da Queimada Pequena e Queimada Grande;ARIE;GR 4;CR - Lagoa Santa;SP;Marinho-Costeiro;;;;;;;;;;;;;;;;;;;;;;;;;;;;;;;;;;;;;;;;;;
38;ARIE Javari-Buriti;ARIE;GR 1;CR - Manaus;AM;Amazonia;;;;;;;;;;;;;;;;;;;;;;;;;;;;;;;;;;;;;;;;;;
39;ARIE Manguezais da Foz do Rio Mamanguape;ARIE;GR 2;CR - Parnaíba ;PB;Marinho-Costeiro;;;;;;;;;;;;;;;;;;;;;;;;;;;;;;;;;;;;;;;;;;
40;ARIE Mata de Santa Genebra;ARIE;GR 4;CR - Lagoa Santa;SP;Mata Atlantica;;;;;;;;;;;;;;;;;;;;;;;;;;;;;;;;;;;;;;;;;;
41;ARIE Matao de Cosmopolis;ARIE;GR 4;CR - Lagoa Santa;SP;Cerrado;;;;;;;;;;;;;;;;;;;;;;;;;;;;;;;;;;;;;;;;;;
43;ARIE Projeto Dinamica Biologica de Fragmentos Florestais;ARIE;GR 1;CR - Manaus;AM;Amazonia;Operação;;;;;;;;;;;;;;;;;;;Operação;Operação;;;Operação básico;Operação básico;Operação básico;;;;;;;;;;;;;;;;
44;ARIE Seringal Nova Esperanca;ARIE;GR 1;CR - Porto Velho;AC;Amazonia;;;;;;;;;;;;;;;;;;;;;;;;;;;;;;;;;;;;;;;;;;
45;ARIE Serra da Abelha e Rio da Prata;ARIE;GR 5;GR 5;SC;Mata Atlantica;;;;;;;;;;;;;;;;;;;;;;;;;;;;;;;;;;;;;;;;;;
3131;ESEC Alto Maues;ESEC;GR 1;CR - Manaus;AM;Amazonia;Operação;ARPA;Operação;Operação;;;;;;;;;Operação básico e avançado;Operação básico e avançado;;;;;;Parada;Parada;;;Parada;Parada;Parada;;;;;;;;;;;;;;;;
263;ESEC da Guanabara;ESEC;GR 4;CR - Lagoa Santa;RJ;Mata Atlantica;;;;;;;;;;;;;;;;;;;;;;;;;;;;;;;;;;;;;;;;;;
261;ESEC da Mata Preta;ESEC;GR 5;GR 5;PR/SC;Mata Atlantica;;;;;;;;;;;;;;;;;;;;;;;;;;;;;;;;;;;;;;;;;;
75;ESEC da Serra das Araras;ESEC;GR 3;GR;MT;Cerrado;;;;;;;;;;;;;;;;;;;;;;;;;;;;;;;;;;;;;;;;;;
47;ESEC da Terra do Meio;ESEC;GR 1;CR - Oeste do Pará;PA;Amazonia;Operação;ARPA;Operação;Operação;;;Operação básico e avançado;Operação básico e avançado;;Operação básico;Operação básico;;Parada;;;;;;;;;;;;;;;;;;;;;;;;;;;;;
48;ESEC de Aiuaba;ESEC;GR 2;CR - Parnaíba ;CE;Caatinga;;;;;;;;;;;;;;;;;;;;;;;;;;;;;;;;;;;;;;;;;;
50;ESEC de Aracuri-Esmeralda;ESEC;GR 5;GR 5;RS;Mata Atlantica;;;;;;;;;;;;;;;;;;;;;;;;;;;;;;;;;;;;;;;;;;
52;ESEC de Carijos;ESEC;GR 5;GR 5;SC;Mata Atlantica;Operação;;;;;;;;;;;;;;;;;;;;;;;;;;;;;Operação;Operação;;;;;Operação básico;Operação básico;;;;;
53;ESEC de Cunia;ESEC;GR 1;CR - Porto Velho;RO/AM;Amazonia;;;;;;;;;;;;;;;;;;;;;;;;;;;;;;;;;;;;;;;;;;
54;ESEC de Guaraquecaba;ESEC;GR 5;GR 5;PR;Mata Atlantica;Operação;;;;;;;;;;;;;;;;;;;;;;;;;;;;;Operação;Operação;;;;;Operação básico;Operação básico;;;;;
56;ESEC de Jutai-Solimäes;ESEC;GR 1;CR - Manaus;AM;Amazonia;Implantação;ARPA;;;;;;;;;;;;;;;;;;Implantação;Implantação;;;Implantação;Implantação;Implantação;;;;;;;;;;;;;;;;
57;ESEC de Maraca;ESEC;GR 1;CR - Manaus;RR;Amazonia;Operação;ARPA;Operação;Operação;;;Operação básico;Operação básico;Operação básico;Operação básico e avançado;Operação básico e avançado;Parada;Operação básico e avançado;Operação básico e avançado;Operação básico e avançado;;;;;Parada;Parada;;;Parada;Parada;Parada;;;;;;;;;;;;;;;;
58;ESEC de Maraca Jipioca;ESEC;GR 1;CR - Manaus;AP;Amazonia;Operação;ARPA;;;;;;;;;;;;;;;;;;;;;;;;;;;;Operação;Operação;;Operação;;;Operação básico;Operação básico;;Operacao;;;
59;ESEC de Murici;ESEC;GR 2;CR - Parnaíba ;AL;Mata Atlantica;;;;;;;;;;;;;;;;;;;;;;;;;;;;;;;;;;;;;;;;;;
61;ESEC de Pirapitinga;ESEC;GR 4;CR - Lagoa Santa;MG;Cerrado;Operação;;Operação;Operação;;Operação;Operação básico;;;Operação básico e avançado;Operação básico e avançado;;Operação básico;;;;;;Operação básico;;;;;;;;;;;;;;;;;;;;;;;
62;ESEC de Taiama;ESEC;GR 3;GR;MT;Pantanal;Parada;GEF Terrestre;Parada;;;Parada;;;;;;;;;;;;;Parada;;;;;;;;;;;;;;;;;;;;;;;
63;ESEC de Tamoios;ESEC;GR 4;CR - Lagoa Santa;RJ;Mata Atlantica;;;;;;;;;;;;;;;;;;;;;;;;;;;;;;;;;;;;;;;;;;
65;ESEC de Urucui-Una;ESEC;GR 2;CR - Parnaíba ;PI;Cerrado;;;;;;;;;;;;;;;;;;;;;;;;;;;;;;;;;;;;;;;;;;
66;ESEC do Castanhao;ESEC;GR 2;CR - Parnaíba ;CE;Caatinga;;;;;;;;;;;;;;;;;;;;;;;;;;;;;;;;;;;;;;;;;;
67;ESEC do Jari;ESEC;GR 1;CR - Belém;PA/AP;Amazonia;Operação;ARPA;Operação;Operação;;;Operação básico;Operação básico;Operação básico;Operação básico e avançado;Operação básico e avançado;Operação básico e avançado;Operação básico;Operação básico;Operação básico;;;;;;;;;;;;;;;;;;;;;;;;;;;
69;ESEC do Serido;ESEC;GR 2;CR - Parnaíba ;RN;Caatinga;;;;;;;;;;;;;;;;;;;;;;;;;;;;;;;;;;;;;;;;;;
70;ESEC do Taim;ESEC;GR 5;GR 5;RS;Pampas;;;;;;;;;;;;;;;;;;;;;;;;;;;;;;;;;;;;;;;;;;
71;ESEC dos Tupiniquins;ESEC;GR 4;CR - Lagoa Santa;SP;Marinho-Costeiro;;;;;;;;;;;;;;;;;;;;;;;;;;;;;;;;;;;;;;;;;;
72;ESEC Juami-Japura;ESEC;GR 1;CR - Manaus;AM;Amazonia;;ARPA;;;;;;;;;;;;;;;;;;;;;;;;;;;;;;;;;;;;;;;;
73;ESEC Mico-Leao-Preto;ESEC;GR 4;CR - Lagoa Santa;SP;Mata Atlantica;;;;;;;;;;;;;;;;;;;;;;;;;;;;;;;;;;;;;;;;;;
60;ESEC Niquia;ESEC;GR 1;CR - Manaus;RR;Amazonia;Operação;ARPA;Operação;Operação;;;Operação básico;;;Operação básico e avançado;;;Operação básico e avançado;;;;;;;Operação;Operação;;;Operação básico;Operação básico e avançado;Operação básico;;;;;;;;;;;;;;;;
74;ESEC Raso da Catarina;ESEC;GR 2;CR - Parnaíba ;BA;Caatinga;;GEF Terrestre;;;;;;;;;;;;;;;;;;;;;;;;;;;;;;;;;;;;;;;;
68;ESEC Rio Acre;ESEC;GR 1;GR 1;AC;Amazonia;Operação;ARPA;Operação;Operação;;;Operação básico;;;Operação básico;Operação básico;;;;;;;;;;;;;;;;;;;;;;;;;;;;;;;
76;ESEC Serra Geral do Tocantins;ESEC;GR 3;GR 3;BA/TO;Cerrado;Parada;;Parada;Parada;;;;;;;;;Parada;Parada;;;;;;;;;;;;;;;;;;;;;;;;;;;;
64;ESEC Tupinambas;ESEC;GR 4;CR - Lagoa Santa;SP;Marinho-Costeiro;;;;;;;;;;;;;;;;;;;;;;;;;;;;;;;;;;;;;;;;;;
128;FLONA da Mata Grande;FLONA;GR 4;CR - Lagoa Santa;GO;Cerrado;;;;;;;;;;;;;;;;;;;;;;;;;;;;;;;;;;;;;;;;;;
132;FLONA da Restinga de Cabedelo;FLONA;GR 2;CR - Parnaíba ;PB;Mata Atlantica;;;;;;;;;;;;;;;;;;;;;;;;;;;;;;;;;;;;;;;;;;
82;FLONA de Acu;FLONA;GR 2;CR - Parnaíba ;RN;Caatinga;;;;;;;;;;;;;;;;;;;;;;;;;;;;;;;;;;;;;;;;;;
83;FLONA de Altamira;FLONA;GR 1;CR - Oeste do Pará;PA;Amazonia;;;;;;;;;;;;;;;;;;;;;;;;;;;;;;;;;;;;;;;;;;
84;FLONA de Anaua;FLONA;GR 1;CR - Manaus;RR;Amazonia;;;;;;;;;;;;;;;;;;;;;;;;;;;;;;;;;;;;;;;;;;
77;FLONA de Assungui;FLONA;GR 5;GR 5;PR;Mata Atlantica;;;;;;;;;;;;;;;;;;;;;;;;;;;;;;;;;;;;;;;;;;
85;FLONA de Balata-Tufari;FLONA;GR 1;CR - Porto Velho;AM;Amazonia;;;;;;;;;;;;;;;;;;;;;;;;;;;;;;;;;;;;;;;;;;
86;FLONA de Brasilia;FLONA;GR 3;GR 3;GO/DF;Cerrado;Parada;;Parada;;;Parada;;;;;;;;;;;;;Parada;;;;;;;;;;;;;;;;;;;;;;;
78;FLONA de Cacador;FLONA;GR 5;GR 5;SC;Mata Atlantica;;;;;;;;;;;;;;;;;;;;;;;;;;;;;;;;;;;;;;;;;;
87;FLONA de Canela;FLONA;GR 5;GR 5;RS;Mata Atlantica;;;;;;;;;;;;;;;;;;;;;;;;;;;;;;;;;;;;;;;;;;
79;FLONA de Capao Bonito;FLONA;GR 4;CR - Lagoa Santa;SP;Cerrado;;;;;;;;;;;;;;;;;;;;;;;;;;;;;;;;;;;;;;;;;;
88;FLONA de Carajas;FLONA;GR 1;GR 1;PA;Amazonia;Operação;;Operação;Operação;;Operação;Operação básico;Operação básico;Operação básico;Operação básico e avançado;Operação básico e avançado;Operação básico e avançado;Operação básico;;;;;;Operação básico;;;;;;;;;;;;;;;;;;;;;;;
89;FLONA de Caxiuana;FLONA;GR 1;GR 1;PA;Amazonia;Operação;;Operação;Operação;;;Operação básico e avançado;Operação básico e avançado;Operação básico e avançado;Operação básico e avançado;Operação básico e avançado;Operação básico e avançado;Operação básico;Operação básico;Operação básico;;;;;;;;;;;;;;;;;;;;;;;;;;;
80;FLONA de Chapeco;FLONA;GR 5;GR 5;SC;Mata Atlantica;;;;;;;;;;;;;;;;;;;;;;;;;;;;;;;;;;;;;;;;;;
81;FLONA de Contendas do Sincora;FLONA;GR 2;GR 2;BA;Caatinga;Operação;;Operação;;;Operação;;;;;;;;;;;;;Operação básico;;;;;;;;;;;;;;;;;;;;;;;
90;FLONA de Cristopolis;FLONA;GR 2;CR - Parnaíba ;BA;Cerrado;;;;;;;;;;;;;;;;;;;;;;;;;;;;;;;;;;;;;;;;;;
91;FLONA de Goytacazes;FLONA;GR 2;CR - Parnaíba ;ES;Mata Atlantica;;;;;;;;;;;;;;;;;;;;;;;;;;;;;;;;;;;;;;;;;;
92;FLONA de Humaita;FLONA;GR 1;CR - Porto Velho;AM;Amazonia;;;;;;;;;;;;;;;;;;;;;;;;;;;;;;;;;;;;;;;;;;
93;FLONA de Ibirama;FLONA;GR 5;GR 5;SC;Mata Atlantica;;;;;;;;;;;;;;;;;;;;;;;;;;;;;;;;;;;;;;;;;;
94;FLONA de Ipanema;FLONA;GR 4;CR - Lagoa Santa;SP;Mata Atlantica;;;;;;;;;;;;;;;;;;;;;;;;;;;;;;;;;;;;;;;;;;
125;FLONA de Irati;FLONA;GR 5;GR 5;PR;Mata Atlantica;;;;;;;;;;;;;;;;;;;;;;;;;;;;;;;;;;;;;;;;;;
95;FLONA de Itaituba I;FLONA;GR 1;CR - Oeste do Pará;PA;Amazonia;;;;;;;;;;;;;;;;;;;;;;;;;;;;;;;;;;;;;;;;;;
96;FLONA de Itaituba II;FLONA;GR 1;CR - Oeste do Pará;PA;Amazonia;;;;;;;;;;;;;;;;;;;;;;;;;;;;;;;;;;;;;;;;;;
97;FLONA de Jacunda;FLONA;GR 1;CR - Porto Velho;RO;Amazonia;;;;;;;;;;;;;;;;;;;;;;;;;;;;;;;;;;;;;;;;;;
98;FLONA de Lorena;FLONA;GR 4;CR - Lagoa Santa;SP;Mata Atlantica;;;;;;;;;;;;;;;;;;;;;;;;;;;;;;;;;;;;;;;;;;
99;FLONA de Mulata;FLONA;GR 1;CR - Oeste do Pará;PA;Amazonia;;;;;;;;;;;;;;;;;;;;;;;;;;;;;;;;;;;;;;;;;;
1605;FLONA de Negreiros;FLONA;GR 2;CR - Parnaíba ;PE;Caatinga;;;;;;;;;;;;;;;;;;;;;;;;;;;;;;;;;;;;;;;;;;
100;FLONA de Nisia Floresta;FLONA;GR 2;CR - Parnaíba ;RN;Mata Atlantica;;;;;;;;;;;;;;;;;;;;;;;;;;;;;;;;;;;;;;;;;;
101;FLONA de Pacotuba;FLONA;GR 2;CR - Parnaíba ;ES;Mata Atlantica;;;;;;;;;;;;;;;;;;;;;;;;;;;;;;;;;;;;;;;;;;
102;FLONA de Palmares;FLONA;GR 2;CR - Parnaíba ;PI;Caatinga;;;;;;;;;;;;;;;;;;;;;;;;;;;;;;;;;;;;;;;;;;
103;FLONA de Paraopeba;FLONA;GR 4;CR - Lagoa Santa;MG;Cerrado;;;;;;;;;;;;;;;;;;;;;;;;;;;;;;;;;;;;;;;;;;
129;FLONA de Passa Quatro;FLONA;GR 4;CR - Lagoa Santa;MG;Mata Atlantica;;;;;;;;;;;;;;;;;;;;;;;;;;;;;;;;;;;;;;;;;;
130;FLONA de Passo Fundo;FLONA;GR 5;GR 5;RS;Mata Atlantica;;;;;;;;;;;;;;;;;;;;;;;;;;;;;;;;;;;;;;;;;;
104;FLONA de Pau-Rosa;FLONA;GR 1;CR - Manaus;AM;Amazonia;;;;;;;;;;;;;;;;;;;;;;;;;;;;;;;;;;;;;;;;;;
131;FLONA de Pirai do Sul;FLONA;GR 5;GR 5;PR;Mata Atlantica;;;;;;;;;;;;;;;;;;;;;;;;;;;;;;;;;;;;;;;;;;
105;FLONA de Ritapolis;FLONA;GR 4;CR - Lagoa Santa;MG;Mata Atlantica;;;;;;;;;;;;;;;;;;;;;;;;;;;;;;;;;;;;;;;;;;
106;FLONA de Roraima;FLONA;GR 1;CR - Manaus;AM/RR;Amazonia;;;;;;;;;;;;;;;;;;;;;;;;;;;;;;;;;;;;;;;;;;
107;FLONA de Santa Rosa do Purus;FLONA;GR 1;CR - Porto Velho;AC;Amazonia;;;;;;;;;;;;;;;;;;;;;;;;;;;;;;;;;;;;;;;;;;
108;FLONA de Sao Francisco;FLONA;GR 1;CR - Porto Velho;AC;Amazonia;;;;;;;;;;;;;;;;;;;;;;;;;;;;;;;;;;;;;;;;;;
133;FLONA de Sao Francisco de Paula;FLONA;GR 5;GR 5;RS;Mata Atlantica;;;;;;;;;;;;;;;;;;;;;;;;;;;;;;;;;;;;;;;;;;
110;FLONA de Silvania;FLONA;GR 4;CR - Lagoa Santa;GO;Cerrado;;;;;;;;;;;;;;;;;;;;;;;;;;;;;;;;;;;;;;;;;;
111;FLONA de Sobral;FLONA;GR 2;CR - Parnaíba ;CE;Caatinga;;;;;;;;;;;;;;;;;;;;;;;;;;;;;;;;;;;;;;;;;;
112;FLONA de Tefe;FLONA;GR 1;CR - Manaus;AM;Amazonia;;;;;;;;;;;;;;;;;;;;;;;;;;;;;;;;;;;;;;;;;;
134;FLONA de Tres Barras;FLONA;GR 5;GR 5;SC;Mata Atlantica;;;;;;;;;;;;;;;;;;;;;;;;;;;;;;;;;;;;;;;;;;
3408;FLONA de Urupadi;FLONA;GR 1;CR - Porto Velho;AM;Amazonia;;;;;;;;;;;;;;;;;;;;;;;;;;;;;;;;;;;;;;;;;;
271;FLONA do Amana;FLONA;GR 1;CR - Oeste do Pará;AM/PA;Amazonia;;;;;;;;;;;;;;;;;;;;;;;;;;;;;;;;;;;;;;;;;;
113;FLONA do Amapa;FLONA;GR 1;CR - Belém;AP;Amazonia;;;;;;;;;;;;;;;;;;;;;;;;;;;;;;;;;;;;;;;;;;
114;FLONA do Amazonas;FLONA;GR 1;CR - Manaus;AM/RR;Amazonia;;;;;;;;;;;;;;;;;;;;;;;;;;;;;;;;;;;;;;;;;;
115;FLONA do Araripe-Apodi;FLONA;GR 2;CR - Parnaíba ;CE;Caatinga;;GEF Terrestre;;;;;;;;;;;;;;;;;;;;;;;;;;;;;;;;;;;;;;;;
3409;FLONA do Aripuana;FLONA;GR 1;CR - Porto Velho;AM;Amazonia;;;;;;;;;;;;;;;;;;;;;;;;;;;;;;;;;;;;;;;;;;
116;FLONA do Bom Futuro;FLONA;GR 1;CR - Porto Velho;RO;Amazonia;;;;;;;;;;;;;;;;;;;;;;;;;;;;;;;;;;;;;;;;;;
270;FLONA do Crepori;FLONA;GR 1;CR - Oeste do Pará;PA;Amazonia;;;;;;;;;;;;;;;;;;;;;;;;;;;;;;;;;;;;;;;;;;
269;FLONA do Ibura;FLONA;GR 2;CR - Parnaíba ;SE;Mata Atlantica;;;;;;;;;;;;;;;;;;;;;;;;;;;;;;;;;;;;;;;;;;
1612;FLONA do Iquiri;FLONA;GR 1;CR - Porto Velho;AM;Amazonia;;;;;;;;;;;;;;;;;;;;;;;;;;;;;;;;;;;;;;;;;;
117;FLONA do Itacaiunas;FLONA;GR 1;CR - Belém;PA;Amazonia;;;;;;;;;;;;;;;;;;;;;;;;;;;;;;;;;;;;;;;;;;
266;FLONA do Jamanxim;FLONA;GR 1;CR - Oeste do Pará;PA;Amazonia;;;;;;;;;;;;;;;;;;;;;;;;;;;;;;;;;;;;;;;;;;
118;FLONA do Jamari;FLONA;GR 1;GR 1;RO;Amazonia;Operação;;Operação;Operação;Operação;;Operação básico e avançado;Operação básico e avançado;Operação básico e avançado;Parada;Parada;Parada;Operação básico e avançado;Operação básico e avançado;Operação básico e avançado;;;Operação básico;;;;;;;;;;;;;;;;;;;;;;;;
119;FLONA do Jatuarana;FLONA;GR 1;CR - Porto Velho;AM;Amazonia;;;;;;;;;;;;;;;;;;;;;;;;;;;;;;;;;;;;;;;;;;
120;FLONA do Macaua;FLONA;GR 1;CR - Porto Velho;AC;Amazonia;;;;;;;;;;;;;;;;;;;;;;;;;;;;;;;;;;;;;;;;;;
121;FLONA do Purus;FLONA;GR 1;CR - Porto Velho;AM;Amazonia;;;;;;;;;;;;;;;;;;;;;;;;;;;;;;;;;;;;;;;;;;
122;FLONA do Rio Preto;FLONA;GR 2;CR - Parnaíba ;ES;Mata Atlantica;;;;;;;;;;;;;;;;;;;;;;;;;;;;;;;;;;;;;;;;;;
123;FLONA do Tapajos;FLONA;GR 1;GR 1;PA;Amazonia;Operação;;Operação;Operação;;;Operação básico e avançado;Operação básico e avançado;Operação básico e avançado;Operação básico e avançado;Operação básico e avançado;Operação básico e avançado;;;;;;;;Operação;;Operação;;;;;Operação básico;;;;;;;;;;;;;;;
124;FLONA do TapirapeAquiri;FLONA;GR 1;GR 1;PA;Amazonia;;;;;;;;;;;;;;;;;;;;;;;;;;;;;;;;;;;;;;;;;;
265;FLONA do Trairao;FLONA;GR 1;CR - Oeste do Pará;PA;Amazonia;;;;;;;;;;;;;;;;;;;;;;;;;;;;;;;;;;;;;;;;;;
126;FLONA Mapia-Inauini;FLONA;GR 1;CR - Porto Velho;AM;Amazonia;;;;;;;;;;;;;;;;;;;;;;;;;;;;;;;;;;;;;;;;;;
127;FLONA Mario Xavier;FLONA;GR 4;CR - Lagoa Santa;RJ;Mata Atlantica;;;;;;;;;;;;;;;;;;;;;;;;;;;;;;;;;;;;;;;;;;
109;FLONA Saraca-Taquera;FLONA;GR 1;CR - Oeste do Pará;PA;Amazonia;;;;;;;;;;;;;;;;;;;;;;;;;;;;;;;;;;;;;;;;;;
34;MONA das Ilhas Cagarras;MONA;GR 4;CR - Lagoa Santa;RJ;Marinho-Costeiro;;;;;;;;;;;;;;;;;;;;;;;;;;;;;;;;;;;;;;;;;;
1812;MONA do Rio Sao Francisco;MONA;GR 2;CR - Parnaíba ;BA/SE/AL;Caatinga;;GEF Terrestre;;;;;;;;;;;;;;;;;;;;;;;;;;;;;;;;;;;;;;;;
181;MONA dos Pontäes Capixabas;MONA;GR 2;CR - Parnaíba ;ES;Mata Atlantica;;;;;;;;;;;;;;;;;;;;;;;;;;;;;;;;;;;;;;;;;;
135;PARNA Cavernas do Peruacu;PARNA;GR 4;CR - Lagoa Santa;MG;Cerrado;;;;;;;;;;;;;;;;;;;;;;;;;;;;;;;;;;;;;;;;;;
136;PARNA da Amazonia;PARNA;GR 1;GR 1;AM/PA;Amazonia;Operação;ARPA;Operação;Operação;;;Operação básico;Operação básico;Operação básico;Operação básico e avançado;Operação básico e avançado;Operação básico e avançado;Operação básico e avançado;Operação básico e avançado;Operação básico e avançado;;;;;Operação;Operação;;;Operação básico;Operação básico;Operação básico;;;;;;;;;;;;;;;;
272;PARNA da Chapada das Mesas;PARNA;GR 2;CR - Parnaíba ;MA;Cerrado;;;;;;;;;;;;;;;;;;;;;;;;;;;;;;;;;;;;;;;;;;
137;PARNA da Chapada Diamantina;PARNA;GR 2;CR - Parnaíba ;BA;Caatinga;;GEF Terrestre;;;;;;;;;;;;;;;;;;;;;;;;;;;;;;;;;;;;;;;;
138;PARNA da Chapada dos Guimaraes;PARNA;GR 3;GR 3;MT;Cerrado;Implantação;;Implantação;;;Implantação;;;;;;;;;;;;;Implantação;;;;;;;;;;;;;;;;;;;;;;;
139;PARNA da Chapada dos Veadeiros;PARNA;GR 3;GR 3;GO;Cerrado;Operação;;Operação;Operação;;Operação;;;;;;;Operação básico e avançado;;;;;;Operação básico;;;;;;;;;;;;;;;;;;;;;;;
2633;PARNA da Furna Feia;PARNA;GR 2;CR - Parnaíba ;RN;Caatinga;;GEF Terrestre;;;;;;;;;;;;;;;;;;;;;;;;;;;;;;;;;;;;;;;;
140;PARNA da Lagoa do Peixe;PARNA;GR 5;GR 5;RS;Pampas;Operação;GEF MAR;;;;;;;;;;;;;;;;;;;;;;;;;;;;Operação;;;Operação;;Operação básico;;;;Operação básico;;;
141;PARNA da Restinga de Jurubatiba;PARNA;GR 4;GR 4;RJ;Mata Atlantica;Operação;;;;;;;;;;;;;;;;;;;;;;;;;;;;;Operação;;;Operação;;;;;;Operacao;;;
142;PARNA da Serra da Bocaina;PARNA;GR 4;GR 4;RJ/SP;Mata Atlantica;Parada;;Parada;Parada;;;Parada;;;Parada;;;Parada;;;;;;;;;;;;;;;;;;;;;;;;;;;;;
143;PARNA da Serra da Bodoquena;PARNA;GR 3;GR 3;MS;Cerrado;Operação;;Operação;Operação;;;Operação básico;Operação básico;;Operação básico;Operação básico;;Operação básico e avançado;Operação básico e avançado;;;;;;;;;;;;;;;;;;;;;;;;;;;;
144;PARNA da Serra da Canastra;PARNA;GR 4;CR - Lagoa Santa;MG;Cerrado;Implantação;;Implantação;;;Implantação;;;;;;;;;;;;;Implantação;;;;;;;;;;;;;;;;;;;;;;;
145;PARNA da Serra da Capivara;PARNA;GR 2;CR - Parnaíba ;PI;Caatinga;;GEF Terrestre;;;;;;;;;;;;;;;;;;;;;;;;;;;;;;;;;;;;;;;;
188;PARNA da Serra da Cutia;PARNA;GR 1;GR 1;RO;Amazonia;Operação;ARPA;Operação;Operação;;;Operação básico;Operação básico;Operação básico;Operação básico e avançado;Operação básico e avançado;Operação básico e avançado;Operação básico;Operação básico;Operação básico;;;;;;;;;;;;;;;;;;;;;;;;;;;
146;PARNA da Serra das Confusäes;PARNA;GR 2;CR - Parnaíba ;PI;Caatinga;;;;;;;;;;;;;;;;;;;;;;;;;;;;;;;;;;;;;;;;;;
1909;PARNA da Serra das Lontras;PARNA;GR 2;CR - Parnaíba ;BA;Mata Atlantica;;;;;;;;;;;;;;;;;;;;;;;;;;;;;;;;;;;;;;;;;;
148;PARNA da Serra do Cipo;PARNA;GR 3;GR 3;MG;Cerrado;Operação;;Operação;Operação;;Operação;Parada;;;Operação básico;Operação básico;;Operação básico;Operação básico;;;;;Operação básico;;;;;;;;;;;;;;;;;;;;;;;
149;PARNA da Serra do Divisor;PARNA;GR 1;GR 1;AC;Amazonia;Operação;ARPA;Operação;Operação;;;Operação básico;Operação básico;Operação básico;Operação básico;Operação básico;Operação básico;Operação básico;Operação básico e avançado;Operação básico e avançado;;;;;;;;;;;;;;;;;;;;;;;;;;;
3136;PARNA da Serra do Gandarela;PARNA;GR 4;CR - Lagoa Santa;MG;Mata Atlantica;;;;;;;;;;;;;;;;;;;;;;;;;;;;;;;;;;;;;;;;;;
150;PARNA da Serra do Itajai;PARNA;GR 5;GR 5;SC;Mata Atlantica;;;;;;;;;;;;;;;;;;;;;;;;;;;;;;;;;;;;;;;;;;
151;PARNA da Serra do Pardo;PARNA;GR 1;GR 1;PA;Amazonia;Operação;ARPA;Operação;Operação;;;Operação básico;Operação básico;Operação básico;Operação básico e avançado;Operação básico e avançado;;Operação básico e avançado;Operação básico e avançado;;;;;;;;;;;;;;;;;;;;;;;;;;;;
152;PARNA da Serra dos orgaos;PARNA;GR 4;GR 4;RJ;Mata Atlantica;Operação;;Operação;Operação;;;Operação básico;Operação básico;;Operação básico e avançado;Operação básico e avançado;;Operação básico e avançado;Operação básico e avançado;;;;;;;;;;;;;;;;;;;;;;;;;;;;
153;PARNA da Serra Geral;PARNA;GR 5;GR 5;SC/RS;Mata Atlantica;;;;;;;;;;;;;;;;;;;;;;;;;;;;;;;;;;;;;;;;;;
154;PARNA da Tijuca;PARNA;GR 4;CR - Lagoa Santa;RJ;Mata Atlantica;;;;;;;;;;;;;;;;;;;;;;;;;;;;;;;;;;;;;;;;;;
262;PARNA das Araucarias;PARNA;GR 5;GR 5;SC;Mata Atlantica;;;;;;;;;;;;;;;;;;;;;;;;;;;;;;;;;;;;;;;;;;
155;PARNA das Emas;PARNA;GR 3;GR 3;MS/GO;Cerrado;;;;;;;;;;;;;;;;;;;;;;;;;;;;;;;;;;;;;;;;;;
156;PARNA das Nascentes do Rio Parnaiba;PARNA;GR 2;CR - Parnaíba ;MA/PI/BA;Cerrado;;;;;;;;;;;;;;;;;;;;;;;;;;;;;;;;;;;;;;;;;;
157;PARNA das Sempre-Vivas;PARNA;GR 4;CR - Lagoa Santa;MG;Cerrado;Implantação;;Implantação;;;Implantação;;;;;;;;;;;;;Implantação;;;;;;;;;;;;;;;;;;;;;;;
49;PARNA de Anavilhanas;PARNA;GR 1;GR 1;AM;Amazonia;Operação;ARPA;;;;;;;;;;;;;;;;;;Operação;;Operação;;;;;Operação básico;;;;;;;;;;;;;;;
158;PARNA de Aparados da Serra;PARNA;GR 5;GR 5;SC/RS;Mata Atlantica;;GEF Terrestre;;;;;;;;;;;;;;;;;;;;;;;;;;;;;;;;;;;;;;;;
1908;PARNA de Boa Nova;PARNA;GR 2;CR - Parnaíba ;BA;Mata Atlantica;;;;;;;;;;;;;;;;;;;;;;;;;;;;;;;;;;;;;;;;;;
159;PARNA de Brasilia;PARNA;GR 3;GR 3;DF;Cerrado;Operação;;Operação;Operação;;Operação;;;;Operação básico e avançado;;;Operação básico e avançado;;;;;;Operação básico;;;;;;;;;;;;;;;;;;;;;;;
160;PARNA de Caparao;PARNA;GR 4;CR - Lagoa Santa;ES/MG;Mata Atlantica;;;;;;;;;;;;;;;;;;;;;;;;;;;;;;;;;;;;;;;;;;
161;PARNA de Ilha Grande;PARNA;GR 5;GR 5;MS/PR;Mata Atlantica;;;;;;;;;;;;;;;;;;;;;;;;;;;;;;;;;;;;;;;;;;
184;PARNA de Itatiaia;PARNA;GR 4;CR - Lagoa Santa;MG/RJ;Mata Atlantica;Operação;;Implantação;;;Implantação;;;;;;;;;;;;;Implantação;Operação;Operação;;;Operação básico;Operação básico e avançado;Operação básico;;;;;;;;;;;;;;;;
162;PARNA de Jericoacoara;PARNA;GR 2;CR - Parnaíba ;CE;Caatinga;Operação;;;;;;;;;;;;;;;;;;;;;;;;;;;;;Operação;Operação;;;;;Operação básico;Operação básico;;;;;
163;PARNA de Pacaas Novos;PARNA;GR 1;GR 1;RO;Amazonia;Operação;ARPA;Operação;Operação;;;Operação básico;Operação básico;Operação básico;Operação básico;Operação básico;Operação básico;Operação básico;Operação básico;Operação básico;;;;;;;;;;;;;;;;;;;;;;;;;;;
164;PARNA de Saint-Hilaire/Lange;PARNA;GR 5;GR 5;PR;Mata Atlantica;;;;;;;;;;;;;;;;;;;;;;;;;;;;;;;;;;;;;;;;;;
165;PARNA de Sao Joaquim;PARNA;GR 5;GR 5;SC;Mata Atlantica;;;;;;;;;;;;;;;;;;;;;;;;;;;;;;;;;;;;;;;;;;
166;PARNA de Sete Cidades;PARNA;GR 2;CR - Parnaíba ;PI;Caatinga;;GEF Terrestre;;;;;;;;;;;;;;;;;;;;;;;;;;;;;;;;;;;;;;;;
167;PARNA de Ubajara;PARNA;GR 2;CR - Parnaíba ;CE;Caatinga;;GEF Terrestre;;;;;;;;;;;;;;;;;;;;;;;;;;;;;;;;;;;;;;;;
171;PARNA Descobrimento;PARNA;GR 2;CR - Parnaíba ;BA;Mata Atlantica;;;;;;;;;;;;;;;;;;;;;;;;;;;;;;;;;;;;;;;;;;
3410;PARNA do Acari;PARNA;GR 1;CR - Porto Velho;AM;Amazonia;;;;;;;;;;;;;;;;;;;;;;;;;;;;;;;;;;;;;;;;;;
1910;PARNA do Alto Cariri;PARNA;GR 2;CR - Parnaíba ;BA;Mata Atlantica;;;;;;;;;;;;;;;;;;;;;;;;;;;;;;;;;;;;;;;;;;
168;PARNA do Araguaia;PARNA;GR 3;GR 3;TO;Cerrado;;;;;;;;;;;;;;;;;;;;;;;;;;;;;;;;;;;;;;;;;;
169;PARNA do Cabo Orange;PARNA;GR 1;GR 1;AP;Amazonia;Operação;ARPA;Operação;Operação;;;Operação básico;Operação básico;Operação básico;Operação básico;Operação básico;Operação básico;Operação básico e avançado;Operação básico e avançado;Operação básico e avançado;;;;;;;;;;;;;;;Operação;Operação;;Operação;;;Operação básico;Operação básico;;Operacao;;;
170;PARNA do Catimbau;PARNA;GR 2;CR - Parnaíba ;PE;Caatinga;;GEF Terrestre;;;;;;;;;;;;;;;;;;;;;;;;;;;;;;;;;;;;;;;;
172;PARNA do Iguacu;PARNA;GR 5;GR 5;PR;Mata Atlantica;Operação;;Operação;Operação;;;Operação básico;Operação básico;;Operação básico e avançado;Operação básico e avançado;;;;;;;;;;;;;;;;;;;;;;;;;;;;;;;
267;PARNA do Jamanxim;PARNA;GR 1;GR 1;PA;Amazonia;Operação;ARPA;;;;;;;;;;;;;;;;;;Operação;Operação;;;Operação básico e avançado;Operação básico e avançado;Operação básico;;;;;;;;;;;;;;;;
173;PARNA do Jau;PARNA;GR 1;GR 1;AM/RR;Amazonia;Operação;ARPA;Operação;Operação;;;Operação básico;Operação básico;Operação básico;Operação básico e avançado;Operação básico e avançado;Operação básico e avançado;Operação básico e avançado;Operação básico e avançado;Operação básico e avançado;;;;;Operação;;;Operação;;;;;Operação básico e avançado;;;;;;;;;;;;;;
281;PARNA do Juruena;PARNA;GR 3;GR 3;AM/MT;Amazonia;Operação;ARPA;Operação;Operação;;;Operação básico e avançado;Operação básico e avançado;Operação básico e avançado;Operação básico e avançado;Operação básico e avançado;Operação básico e avançado;Operação básico e avançado;Operação básico e avançado;Operação básico e avançado;;;;;Parada;;Parada;;;;;Parada;;;;;;;;;;;;;;;
182;PARNA do Monte Pascoal;PARNA;GR 2;CR - Parnaíba ;BA;Mata Atlantica;;;;;;;;;;;;;;;;;;;;;;;;;;;;;;;;;;;;;;;;;;
174;PARNA do Monte Roraima;PARNA;GR 1;GR 1;RR;Amazonia;Operação;ARPA;Operação;Operação;;;Operação básico;Operação básico;Operação básico;Operação básico e avançado;Operação básico e avançado;Operação básico e avançado;Operação básico e avançado;;;;;;;;;;;;;;;;;;;;;;;;;;;;;
175;PARNA do Pantanal Mato-Grossense;PARNA;GR 3;GR 3;MS/MT;Pantanal;;GEF Terrestre;;;;;;;;;;;;;;;;;;;;;;;;;;;;;;;;;;;;;;;;
176;PARNA do Pau Brasil;PARNA;GR 2;CR - Parnaíba ;BA;Mata Atlantica;;;;;;;;;;;;;;;;;;;;;;;;;;;;;;;;;;;;;;;;;;
177;PARNA do Pico da Neblina;PARNA;GR 1;CR - Manaus;AM;Amazonia;;;;;;;;;;;;;;;;;;;;;;;;;;;;;;;;;;;;;;;;;;
264;PARNA do Rio Novo;PARNA;GR 1;CR - Oeste do Pará;PA;Amazonia;;ARPA;;;;;;;;;;;;;;;;;;;;;;;;;;;;;;;;;;;;;;;;
178;PARNA do Superagui;PARNA;GR 5;GR 5;SP/PR;Mata Atlantica;Operação;;Operação;Operação;;;Parada;Parada;;Operação básico;Operação básico;Operação básico;Operação básico;Operação básico;;;;;;;;;;;;;;;;Operação;Operação;;;;;Operação básico;Operação básico;;;;;
179;PARNA do Virua;PARNA;GR 1;GR 1;RR;Amazonia;Operação;ARPA;Operação;Operação;;;Operação básico;Operação básico;;Operação básico e avançado;Operação básico e avançado;;Operação básico;;;;;;;Operação;Operação;;;Operação básico;Operação básico e avançado;Operação básico;;;;;;;;;;;;;;;;
284;PARNA dos Campos Amazonicos;PARNA;GR 1;GR 1;RO/MT/AM;Amazonia;Operação;ARPA;Operação;Operação;;Implantação;Operação básico;Operação básico;Operação básico;Operação básico e avançado;Operação básico e avançado;Operação básico e avançado;Operação básico;Operação básico;Operação básico;;;;Implantação;Operação;Operação;;;Operação básico;Operação básico;Operação básico;;;;;;;;;;;;;;;;
277;PARNA dos Campos Gerais;PARNA;GR 5;GR 5;PR;Mata Atlantica;;;;;;;;;;;;;;;;;;;;;;;;;;;;;;;;;;;;;;;;;;
180;PARNA dos Lencois Maranhenses;PARNA;GR 2;CR - Parnaíba ;MA;Cerrado;;;;;;;;;;;;;;;;;;;;;;;;;;;;;;;;;;;;;;;;;;
183;PARNA Grande Sertao Veredas;PARNA;GR 4;CR - Lagoa Santa;BA/MG;Cerrado;;;;;;;;;;;;;;;;;;;;;;;;;;;;;;;;;;;;;;;;;;
3137;PARNA Guaricana;PARNA;GR 5;GR 5;PR;Mata Atlantica;;;;;;;;;;;;;;;;;;;;;;;;;;;;;;;;;;;;;;;;;;
1633;PARNA Mapinguari;PARNA;GR 1;GR 1;AM/RO;Amazonia;Operação;ARPA;Operação;Operação;;Operação;Operação básico;Operação básico;Operação básico;Operação básico e avançado;Operação básico e avançado;Operação básico e avançado;Operação básico e avançado;Operação básico e avançado;Operação básico e avançado;;;;Operação básico;Operação;Operação;;;Operação básico;Operação básico e avançado;Operação básico;;;;;;;;;;;;;;;;
2874;PARNA Marinho das Ilhas dos Currais;PARNA;GR 5;GR 5;PR;Marinho-Costeiro;;;;;;;;;;;;;;;;;;;;;;;;;;;;;;;;;;;;;;;;;;
186;PARNA Marinho de Fernando de Noronha;PARNA;GR 2;GR 2;PE;Marinho-Costeiro;Operação;GEF MAR;;;;;;;;;;;;;;;;;;;;;;;;;;;;Operação;;;Operação;Operação;;;;;;;Operação básico e avançado;Operação básico e avançado
185;PARNA Marinho dos Abrolhos;PARNA;GR 2;GR 2;BA;Marinho-Costeiro;Operação;GEF MAR;;;;;;;;;;;;;;;;;;;;;;;;;;;;Operação;;;Operação;Operação;;;;;;;Operação básico;Operação básico e avançado
187;PARNA Montanhas do Tumucumaque;PARNA;GR 1;GR 1;AP;Amazonia;Operação;ARPA;Operação;Operação;;;Operação básico e avançado;Operação básico e avançado;Operação básico e avançado;Operação básico;Operação básico;Operação básico;Operação básico e avançado;Operação básico e avançado;Operação básico e avançado;;;;;;;;;;;;;;;;;;;;;;;;;;;
1626;PARNA Nascentes do Lago Jari;PARNA;GR 1;GR 1;AM;Amazonia;Operação;ARPA;Operação;Operação;;;Operação básico;Operação básico;Operação básico;Operação básico e avançado;Operação básico e avançado;Operação básico e avançado;Operação básico;Operação básico;Operação básico;;;;;;;;;;;;;;;;;;;;;;;;;;;
189;PARNA Serra da Mocidade;PARNA;GR 1;GR 1;AM/RR;Amazonia;Operação;ARPA;Operação;Operação;;;Operação básico;;;Operação básico e avançado;;;Operação básico e avançado;;;;;;;Operação;Operação;;;Operação básico;Operação básico e avançado;Operação básico;;;;;;;;;;;;;;;;
147;PARNA Serra de Itabaiana;PARNA;GR 2;CR - Parnaíba ;SE;Mata Atlantica;;;;;;;;;;;;;;;;;;;;;;;;;;;;;;;;;;;;;;;;;;
218;RDS de Itatupa-Baquia;RDS;GR 1;GR 1;PA;Amazonia;Operação;ARPA;;;;;;;;;;;;;;;;;;Operação;;Operação;;;;;Operação básico;;;;;;;;;;;;;;;
3135;RDS Nascentes Geraizeiras;RDS;GR 4;CR - Lagoa Santa;MG;Cerrado;;;;;;;;;;;;;;;;;;;;;;;;;;;;;;;;;;;;;;;;;;
191;REBIO Augusto Ruschi;REBIO;GR 2;CR - Parnaíba ;ES;Mata Atlantica;;;;;;;;;;;;;;;;;;;;;;;;;;;;;;;;;;;;;;;;;;
2634;REBIO Bom Jesus;REBIO;GR 5;GR 5;PR;Mata Atlantica;;;;;;;;;;;;;;;;;;;;;;;;;;;;;;;;;;;;;;;;;;
192;REBIO da Contagem;REBIO;GR 3;GR 3;DF;Cerrado;Operação;;Operação;;;Operação;;;;;;;;;;;;;Operação básico;;;;;;;;;;;;;;;;;;;;;;;
193;REBIO da Mata Escura;REBIO;GR 4;CR - Lagoa Santa;MG;Mata Atlantica;;;;;;;;;;;;;;;;;;;;;;;;;;;;;;;;;;;;;;;;;;
276;REBIO das Araucarias;REBIO;GR 5;GR 5;PR;Mata Atlantica;;;;;;;;;;;;;;;;;;;;;;;;;;;;;;;;;;;;;;;;;;
275;REBIO das Perobas;REBIO;GR 5;GR 5;PR;Mata Atlantica;;;;;;;;;;;;;;;;;;;;;;;;;;;;;;;;;;;;;;;;;;
195;REBIO de Comboios;REBIO;GR 2;GR 2;ES;Marinho-Costeiro;Operação;;;;;;;;;;;;;;;;;;;;;;;;;;;;;Operação;;;Operação;;;;;;;;;Operação básico e avançado
197;REBIO de Pedra Talhada;REBIO;GR 2;CR - Parnaíba ;PE/AL;Mata Atlantica;;;;;;;;;;;;;;;;;;;;;;;;;;;;;;;;;;;;;;;;;;
215;REBIO de Poco das Antas;REBIO;GR 4;CR - Lagoa Santa;RJ;Mata Atlantica;;;;;;;;;;;;;;;;;;;;;;;;;;;;;;;;;;;;;;;;;;
198;REBIO de Saltinho;REBIO;GR 2;CR - Parnaíba ;PE;Mata Atlantica;;;;;;;;;;;;;;;;;;;;;;;;;;;;;;;;;;;;;;;;;;
199;REBIO de Santa Isabel;REBIO;GR 2;GR 2;SE;Marinho-Costeiro;Operação;;;;;;;;;;;;;;;;;;;;;;;;;;;;;Operação;;;Operação;;;;;;;;;Operação básico e avançado
200;REBIO de Serra Negra;REBIO;GR 2;CR - Parnaíba ;PE;Caatinga;;;;;;;;;;;;;;;;;;;;;;;;;;;;;;;;;;;;;;;;;;
201;REBIO de Sooretama;REBIO;GR 2;CR - Parnaíba ;ES;Mata Atlantica;;;;;;;;;;;;;;;;;;;;;;;;;;;;;;;;;;;;;;;;;;
202;REBIO de Una;REBIO;GR 2;GR 2;BA;Mata Atlantica;Operação;;Operação;Operação;;;Operação básico;;;Operação básico;;;Operação básico;;;;;;;;;;;;;;;;;;;;;;;;;;;;;
194;REBIO do Abufari;REBIO;GR 1;GR 1;AM;Amazonia;Parada;ARPA;;;;;;;;;;;;;;;;;;Parada;;Parada;;;;;Parada;;;;;;;;;;;;;;;
203;REBIO do Atol das Rocas;REBIO;GR 2;GR 2;PE;Marinho-Costeiro;Operação;GEF MAR;;;;;;;;;;;;;;;;;;;;;;;;;;;;Operação;;;Operação;;;;;;;;;Operação básico e avançado
204;REBIO do Corrego do Veado;REBIO;GR 2;CR - Parnaíba ;ES;Mata Atlantica;;;;;;;;;;;;;;;;;;;;;;;;;;;;;;;;;;;;;;;;;;
205;REBIO do Corrego Grande;REBIO;GR 2;CR - Parnaíba ;ES;Mata Atlantica;;;;;;;;;;;;;;;;;;;;;;;;;;;;;;;;;;;;;;;;;;
206;REBIO do Guapore;REBIO;GR 1;GR 1;RO;Amazonia;Operação;ARPA;Operação;;;Operação;;;;;;;;;;;;;Operação básico;;;;;;;;;;;;;;;;;;;;;;;
207;REBIO do Gurupi;REBIO;GR 1;GR 1;MA;Amazonia;Operação;ARPA;Operação;Operação;;;Operação básico e avançado;Operação básico e avançado;Operação básico e avançado;Operação básico;Operação básico;Operação básico;Operação básico e avançado;Operação básico e avançado;Operação básico;;;;;;;;;;;;;;;;;;;;;;;;;;;
208;REBIO do Jaru;REBIO;GR 1;GR 1;RO;Amazonia;Operação;ARPA;Operação;Operação;;;Operação básico;Operação básico;Operação básico;Operação básico e avançado;Operação básico e avançado;Operação básico e avançado;Operação básico e avançado;Operação básico e avançado;Operação básico e avançado;;;;;Operação;Operação;;;Operação básico;Operação básico;Operação básico;;;;;;;;;;;;;;;;
209;REBIO do Lago Piratuba;REBIO;GR 1;GR 1;AP;Amazonia;Operação;ARPA;;;;;;;;;;;;;;;;;;;;;;;;;;;;Operação;;;Operação;;;;;;Operação avançado;;;
3411;REBIO do Manicore;REBIO;GR 1 ;CR - Porto Velho;AM;Amazonia;;ARPA;;;;;;;;;;;;;;;;;;;;;;;;;;;;;;;;;;;;;;;;
210;REBIO do Rio Trombetas;REBIO;GR 1;GR 1;PA;Amazonia;Operação;ARPA;Operação;Operação;;;Operação básico;Operação básico;;Operação básico;Operação básico;;;;;;;;;Operação;;;Operação;;;;;Operação básico;;;;;;;;;;;;;;
211;REBIO do Tapirape;REBIO;GR 1;GR 1;PA;Amazonia;Operação;ARPA;Operação;Operação;;;Operação básico;Operação básico;Operação básico;Operação básico e avançado;Operação básico e avançado;Operação básico e avançado;Parada;Parada;Parada;;;;;;;;;;;;;;;;;;;;;;;;;;;
212;REBIO do Tingua;REBIO;GR 4;CR - Lagoa Santa;RJ;Mata Atlantica;;;;;;;;;;;;;;;;;;;;;;;;;;;;;;;;;;;;;;;;;;
213;REBIO do Uatuma;REBIO;GR 1;GR 1;AM;Amazonia;Operação;ARPA;Operação;Operação;;;Operação básico;Operação básico;Operação básico;Operação básico;Operação básico;Operação básico;Parada;Parada;Parada;;;;;;;;;;;;;;;;;;;;;;;;;;;
196;REBIO Guaribas;REBIO;GR 2;GR 2;PB;Mata Atlantica;Parada;;Parada;Parada;;;Parada;;;Parada;;;;;;;;;;;;;;;;;;;;;;;;;;;;;;;;
214;REBIO Marinha do Arvoredo;REBIO;GR 5;GR 5;SC;Marinho-Costeiro;;;;;;;;;;;;;;;;;;;;;;;;;;;;;;;;;;;;;;;;;;
216;REBIO Nascentes da Serra do Cachimbo;REBIO;GR 1 ;CR - Oeste do Pará;PA;Amazonia;Operação;ARPA;;;;;;;;;;;;;;;;;;Operação;Operação;;;Operação básico;Operação básico;Operação básico;;;;;;;;;;;;;;;;
217;REBIO Uniao;REBIO;GR 4;CR - Lagoa Santa;RJ;Mata Atlantica;;;;;;;;;;;;;;;;;;;;;;;;;;;;;;;;;;;;;;;;;;
1563;RESEX Acau-Goiana;RESEX;GR 2;CR - Parnaíba ;PB/PE;Mata Atlantica;;GEF MAR;;;;;;;;;;;;;;;;;;;;;;;;;;;;;;;;;;;;;;;;
274;RESEX Alto Tarauaca;RESEX;GR 1;GR 1;AC;Amazonia;Operação;ARPA;Operação;Operação;;;Operação básico;Operação básico;Operação básico;Operação básico;Operação básico;Operação básico;Operação básico;Operação básico;Operação básico;;;;;;;;;;;;;;;;;;;;;;;;;;;
285;RESEX Arapixi;RESEX;GR 1;GR 1;AM;Amazonia;Operação;ARPA;Operação;Operação;;;Operação básico;Operação básico;Operação básico;Operação básico e avançado;Operação básico e avançado;Operação básico e avançado;Operação básico;Operação básico;;;;;;;;;;;;;;;;;;;;;;;;;;;;
273;RESEX Arioca Pruana;RESEX;GR 1;GR 1;PA;Amazonia;;ARPA;;;;;;;;;;;;;;;;;;;;;;;;;;;;;;;;;;;;;;;;
220;RESEX Auati-Parana;RESEX;GR 1;GR 1;AM;Amazonia;Implantação;ARPA;;;;;;;;;;;;;;;;;;Implantação;;Implantação;Implantação;;;;Implantação;;Implantação;;;;;;;;;;;;;
221;RESEX Barreiro das Antas;RESEX;GR 1 ;GR 1;RO;Amazonia;Operação;ARPA;Operação;Operação;;;Operação básico;Operação básico;Operação básico;Operação básico e avançado;Operação básico e avançado;Operação básico e avançado;Parada;Parada;Parada;;;;;;;;;;;;;;;;;;;;;;;;;;;
1564;RESEX Chapada Limpa;RESEX;GR 2;CR - Parnaíba ;MA;Cerrado;;;;;;;;;;;;;;;;;;;;;;;;;;;;;;;;;;;;;;;;;;
222;RESEX Chico Mendes;RESEX;GR 1;GR 1;AC;Amazonia;Operação;ARPA;Operação;Operação;;;Operação básico;Parada;Parada;Operação básico e avançado;Operação básico e avançado;Parada;;;;;;;;;;;;;;;;;;;;;;;;;;;;;;
223;RESEX Chocoare-Mato Grosso;RESEX;GR 1;GR 1;PA;Amazonia;Operação;ARPA;;;;;;;;;;;;;;;;;;;;;;;;;;;;Operação;Operação;;;;Parada;Operação básico;Operação básico;;;;;
226;RESEX da Mata Grande;RESEX;GR 1;CR - Belém;MA;Cerrado;;;;;;;;;;;;;;;;;;;;;;;;;;;;;;;;;;;;;;;;;;
253;RESEX de Canavieiras;RESEX;GR 2;GR 2;BA;Mata Atlantica;Operação;GEF MAR;;;;;;;;;;;;;;;;;;;;;;;;;;;;Operação;Operação;;;;Operação básico;Operação básico;;;;;;
1808;RESEX de Cassuruba;RESEX;GR 2;GR 2;BA;Mata Atlantica;Operação;GEF MAR;;;;;;;;;;;;;;;;;;;;;;;;;;;;Operação;Operação;;;;Operação básico;Operação básico;Operação básico;;;;;
279;RESEX de Cururupu;RESEX;GR 1;GR 1;MA;Amazonia;Operação;ARPA;;;;;;;;;;;;;;;;;;;;;;;;;;;;Operação;Operação;;Operação;;;Operação básico;Operação básico;;Operação avançado;;;
286;RESEX de Recanto das Araras de Terra Ronca;RESEX;GR 4;CR - Lagoa Santa;GO;Cerrado;;;;;;;;;;;;;;;;;;;;;;;;;;;;;;;;;;;;;;;;;;
228;RESEX de Sao Joao da Ponta;RESEX;GR 1;GR 1;PA;Amazonia;Parada;;;;;;;;;;;;;;;;;;;;;;;;;;;;;Parada;;;;;Parada;;;;;;;
1517;RESEX do Alto Jurua;RESEX;GR 1;CR - Porto Velho;AC;Amazonia;;;;;;;;;;;;;;;;;;;;;;;;;;;;;;;;;;;;;;;;;;
230;RESEX do Baixo Jurua;RESEX;GR 1;GR 1;AM;Amazonia;Operação;ARPA;;;;;;;;;;;;;;;;;;Operação;;Operação;Operação;;;;Operação básico;;Operação básico;;;;;;;;;;;;;
231;RESEX do Batoque;RESEX;GR 2;CR - Parnaíba ;CE;Caatinga;;;;;;;;;;;;;;;;;;;;;;;;;;;;;;;;;;;;;;;;;;
232;RESEX do Cazumba-Iracema;RESEX;GR 1;GR 1;AC;Amazonia;Operação;ARPA;Operação;Operação;Operação;;Operação básico;Operação básico;Operação básico;Operação básico;Operação básico;Operação básico;Operação básico e avançado;Operação básico e avançado;Operação básico e avançado;Operação básico e avançado;;;;;;;;;;;;;;;;;;;;;;;;;;
1519;RESEX do Ciriaco;RESEX;GR 1;CR - Belém;MA;Amazonia;;;;;;;;;;;;;;;;;;;;;;;;;;;;;;;;;;;;;;;;;;
240;RESEX do Extremo Norte do Tocantins;RESEX;GR 1;CR - Belém;TO;Cerrado;;;;;;;;;;;;;;;;;;;;;;;;;;;;;;;;;;;;;;;;;;
242;RESEX do Lago do Capana Grande;RESEX;GR 1;GR 1;AM;Amazonia;Operação;ARPA;Operação;Operação;;;Operação básico;;;Operação básico;Operação básico;;;;;;;;;;;;;;;;;;;;;;;;;;;;;;;
233;RESEX do Lago do Cunia;RESEX;GR 1;GR 1;RO;Amazonia;Operação;;Operação;;Operação;;;;;;;;;;;Operação avançado;;;;;;;;;;;;;;;;;;;;;;;;;;
234;RESEX do Mandira;RESEX;GR 4;CR - Lagoa Santa;SP;Mata Atlantica;;;;;;;;;;;;;;;;;;;;;;;;;;;;;;;;;;;;;;;;;;
235;RESEX do Medio Jurua;RESEX;GR 1;GR 1;AM;Amazonia;Operação;ARPA;;;;;;;;;;;;;;;;;;Operação;;Parada;Operação;;;;Parada;Operação básico;Parada;;;;;;;;;;;;;
1606;RESEX do Medio Purus;RESEX;GR 1;CR - Porto Velho;AM;Amazonia;;ARPA;;;;;;;;;;;;;;;;;;;;;;;;;;;;;;;;;;;;;;;;
1520;RESEX do Quilombo Flexal;RESEX;GR 1;CR - Belém;MA;Amazonia;;;;;;;;;;;;;;;;;;;;;;;;;;;;;;;;;;;;;;;;;;
1518;RESEX do Rio Cajari;RESEX;GR 1;GR 1;AP;Amazonia;Operação;ARPA;;;;;;;;;;;;;;;;;;Operação;Operação;;;Operação básico e avançado;Operação básico e avançado;Operação básico;;;;;;;;;;;;;;;;
238;RESEX do Rio do Cautario;RESEX;GR 1;GR 1;RO;Amazonia;Operação;ARPA;Operação;Operação;Operação;;Operação básico;Operação básico;Operação básico;Operação básico e avançado;Operação básico e avançado;Operação básico e avançado;Implantação;Implantação;Implantação;Operação avançado;;;;;;;;;;;;;;;;;;;;;;;;;;
239;RESEX do Rio Jutai;RESEX;GR 1;CR - Manaus;AM;Amazonia;;ARPA;;;;;;;;;;;;;;;;;;;;;;;;;;;;;;;;;;;;;;;;
256;RESEX do Rio Ouro Preto;RESEX;GR 1;GR 1;RO;Amazonia;Operação;ARPA;Operação;Operação;Parada;;Operação básico;Operação básico;Operação básico;Operação básico e avançado;Operação básico e avançado;Operação básico e avançado;Parada;Parada;Parada;Parada;;;;Operação;Operação;;;Operação básico;Operação básico;Operação básico;;;;;;;;;;;;;;;;
288;RESEX Gurupa-Melgaco;RESEX;GR 1;CR - Belém;PA;Amazonia;;;;;;;;;;;;;;;;;;;;;;;;;;;;;;;;;;;;;;;;;;
241;RESEX Ipau-Anilzinho;RESEX;GR 1;GR 1;PA;Amazonia;Operação;ARPA;Operação;Operação;Operação;;Operação básico;Operação básico;;Operação básico e avançado;Operação básico e avançado;;Operação básico;;;Operação básico e avançado;;;;;;;;;;;;;;;;;;;;;;;;;;
1628;RESEX Ituxi;RESEX;GR 1;GR 1;AM;Amazonia;Operação;ARPA;Operação;Operação;;;;;;;;;Operação básico;Operação básico;Operação básico;;;;;;;;;;;;;;;;;;;;;;;;;;;
287;RESEX Lago do Cedro;RESEX;GR 3;GR 3;GO;Cerrado;;;;;;;;;;;;;;;;;;;;;;;;;;;;;;;;;;;;;;;;;;
243;RESEX Mae Grande de Curuca;RESEX;GR 1;GR 1;PA;Amazonia;Operação;ARPA;;;;;;;;;;;;;;;;;;;;;;;;;;;;Operação;Operação;;;;Parada;Operação básico;Operação básico;;;;;
244;RESEX Mapua;RESEX;GR 1;CR - Belém;PA;Amazonia;;ARPA;;;;;;;;;;;;;;;;;;;;;;;;;;;;;;;;;;;;;;;;
227;RESEX Maracana;RESEX;GR 1;GR 1;PA;Amazonia;Operação;ARPA;;;;;;;;;;;;;;;;;;;;;;;;;;;;Operação;;;Operação;;;;;;;;;Operação básico e avançado
247;RESEX Marinha Arai-Peroba;RESEX;GR 1;CR - Belém;PA;Amazonia;;;;;;;;;;;;;;;;;;;;;;;;;;;;;;;;;;;;;;;;;;
248;RESEX Marinha Caete-Taperacu;RESEX;GR 1;GR 1;PA;Amazonia;Operação;;;;;;;;;;;;;;;;;;;;;;;;;;;;;Operação;Operação;;;;;Operação básico;Operação básico;;;;;
3134;RESEX Marinha Cuinarana;RESEX;GR 1;CR - Belém;PA;Marinho-Costeiro;;ARPA;;;;;;;;;;;;;;;;;;;;;;;;;;;;;;;;;;;;;;;;
245;RESEX Marinha da Baia de Iguape;RESEX;GR 2;GR 2;BA;Marinho-Costeiro;Operação;GEF MAR;;;;;;;;;;;;;;;;;;;;;;;;;;;;Operação;Operação;;;;;Operação básico;Operação básico;;;;;
246;RESEX Marinha da Lagoa do Jequia;RESEX;GR 2;GR 2;AL;Mata Atlantica;Operação;GEF MAR;;;;;;;;;;;;;;;;;;;;;;;;;;;;Operação;Operação;;;;Operação básico;Operação básico;Operação básico;;;;;
249;RESEX Marinha de Gurupi-Piria;RESEX;GR 1;GR 1;PA;Amazonia;Operação;;;;;;;;;;;;;;;;;;;;;;;;;;;;;Operação;Operação;;;;;Operação básico;Operação básico;;;;;
254;RESEX Marinha de Soure;RESEX;GR 1;CR - Belém;PA;Amazonia;;;;;;;;;;;;;;;;;;;;;;;;;;;;;;;;;;;;;;;;;;
251;RESEX Marinha do Arraial do Cabo;RESEX;GR 4;CR - Lagoa Santa;RJ;Mata Atlantica;;;;;;;;;;;;;;;;;;;;;;;;;;;;;;;;;;;;;;;;;;
252;RESEX Marinha do Corumbau;RESEX;GR 2;GR 2;BA;Marinho-Costeiro;Operação;GEF MAR;;;;;;;;;;;;;;;;;;;;;;;;;;;;Operação;;;;;Operação básico;;;;;;;
225;RESEX Marinha do Delta do Parnaiba;RESEX;GR 2;CR - Parnaíba ;MA/PI;Cerrado;;GEF MAR;;;;;;;;;;;;;;;;;;;;;;;;;;;;;;;;;;;;;;;;
3133;RESEX Marinha Mestre Lucindo;RESEX;GR 1;GR 1;PA;Marinho-Costeiro;Operação;ARPA;;;;;;;;;;;;;;;;;;;;;;;;;;;;Operação;Operação;;;;Parada;Operação básico;Operação básico;;;;;
3132;RESEX Marinha Mocapajuba;RESEX;GR 1;CR - Belém;PA;Marinho-Costeiro;;ARPA;;;;;;;;;;;;;;;;;;;;;;;;;;;;;;;;;;;;;;;;
255;RESEX Marinha Pirajubae;RESEX;GR 5;GR 5;SC;Marinho-Costeiro;Operação;;;;;;;;;;;;;;;;;;;;;;;;;;;;;Operação;Operação;;;;;Operação básico;Operação básico;;;;;
250;RESEX Marinha Tracuateua;RESEX;GR 1;CR - Belém;PA;Amazonia;;;;;;;;;;;;;;;;;;;;;;;;;;;;;;;;;;;;;;;;;;
1809;RESEX Prainha do Canto Verde;RESEX;GR 2;CR - Parnaíba ;CE;Marinho-Costeiro;;;;;;;;;;;;;;;;;;;;;;;;;;;;;;;;;;;;;;;;;;
1810;RESEX Renascer;RESEX;GR 1;GR 1;PA;Amazonia;Operação;ARPA;Operação;Operação;;;Operação básico;Operação básico;Parada;Operação básico e avançado;Operação básico e avançado;Parada;Parada;Parada;Parada;;;;;Operação;;Operação;;;;;Operação básico;;;;;;;;;;;;;;;
280;RESEX Rio Iriri;RESEX;GR 1;GR 1;PA;Amazonia;Operação;ARPA;Operação;Operação;;;Operação básico e avançado;;;Operação básico;;;;;;;;;;;;;;;;;;;;;;;;;;;;;;;;
283;RESEX Rio Unini;RESEX;GR 1;GR 1;AM;Amazonia;Operação;ARPA;;;;;;;;;;;;;;;;;;Operação;;;Operação;;;;;Operação avançado;Operação básico;;;;;;;;;;;;;
1635;RESEX Rio Xingu;RESEX;GR 1;CR - Oeste do Pará;PA;Amazonia;;ARPA;;;;;;;;;;;;;;;;;;;;;;;;;;;;;;;;;;;;;;;;
257;RESEX Riozinho da Liberdade;RESEX;GR 1;GR 1;AC/AM;Amazonia;Operação;ARPA;Operação;Operação;;;Operação básico;Operação básico;Operação básico;Operação básico;Operação básico;Operação básico;Operação básico;Operação básico;Operação básico;;;;;;;;;;;;;;;;;;;;;;;;;;;
258;RESEX Riozinho do Anfrisio;RESEX;GR 1;GR 1;PA;Amazonia;Operação;ARPA;Operação;Operação;Operação;;Operação básico;Operação básico;Operação básico;Operação básico e avançado;Operação básico e avançado;;Operação básico;;;;Em operacao;;;;;;;;;;;;;;;;;;;;;;;;;
259;RESEX Tapajos-Arapiuns;RESEX;GR 1;GR 1;PA;Amazonia;Operação;ARPA;Operação;Operação;Operação;;Operação básico;Operação básico;Operação básico;Operação básico;Operação básico;Operação básico;Parada;Parada;Parada;;Em operacao;;;Operação;;Operação;;;;;Operação básico;;;;;;;;;;;;;;;
282;RESEX Terra Grande-Pracuuba;RESEX;GR 1;CR - Belém;PA;Amazonia;;ARPA;;;;;;;;;;;;;;;;;;;;;;;;;;;;;;;;;;;;;;;;
260;RESEX Verde Para Sempre;RESEX;GR 1;GR 1;PA;Amazonia;Operação;ARPA;Operação;Operação;;;Operação básico;Operação básico;;Operação básico e avançado;Operação básico e avançado;;Operação básico;Operação básico;;;;;;Operação;;Operação;;;;;Operação básico;;;;;;;;;;;;;;;
219;REVIS das Veredas do Oeste Baiano;RVS;GR 3;GR 3;BA;Cerrado;Operação;;Operação;;;Operação;;;;;;;;;;;;;Operação básico;;;;;;;;;;;;;;;;;;;;;;;
1907;REVIS de Boa Nova;RVS;GR 2;CR - Parnaíba ;BA;Mata Atlantica;;;;;;;;;;;;;;;;;;;;;;;;;;;;;;;;;;;;;;;;;;
1911;REVIS de Santa Cruz;RVS;GR 2;CR - Parnaíba ;ES;Marinho-Costeiro;;;;;;;;;;;;;;;;;;;;;;;;;;;;;;;;;;;;;;;;;;
1880;REVIS de Una;RVS;GR 2;CR - Parnaíba ;BA;Mata Atlantica;;;;;;;;;;;;;;;;;;;;;;;;;;;;;;;;;;;;;;;;;;
3432;REVIS do Arquipelago de Alcatrazes;RVS;GR 4;CR - Lagoa Santa;SP;Marinho-Costeiro;;;;;;;;;;;;;;;;;;;;;;;;;;;;;;;;;;;;;;;;;;
1813;REVIS do Rio dos Frades;RVS;GR 2;CR - Parnaíba ;BA;Mata Atlantica;;;;;;;;;;;;;;;;;;;;;;;;;;;;;;;;;;;;;;;;;;
278;REVIS dos Campos de Palmas;RVS;GR 5;GR 5;PR/SC;Mata Atlantica;;;;;;;;;;;;;;;;;;;;;;;;;;;;;;;;;;;;;;;;;;
190;REVIS Ilha dos Lobos;RVS;GR 5;GR 5;RS;Marinho-Costeiro;;GEF MAR;;;;;;;;;;;;;;;;;;;;;;;;;;;;;;;;;;;;;;;;
3633;APA do Arquipelago de Trindade e Martim Vaz;APA;GR 2;GR 2;BA;Marinho-Costeiro;Operação;GEF MAR;;;;;;;;;;;;;;;;;;;;;;;;;;;;Operação;;;Operação;;;;;;;;;Operação básico e avançado
3642;MONA das Ilhas de Trindade e Martim Vaz e do Monte Columbia;MONA;GR 2;GR 2;BA ;Marinho-Costeiro;Operação;GEF MAR;;;;;;;;;;;;;;;;;;;;;;;;;;;;Operação;;;Operação;Operação;;;;;;;Operação básico;Operação básico e avançado
3519;PARNA dos Campos Ferruginosos;PARNA;GR 1;GR 1;PA;Amazonia;Implantação;;Implantação;;;Implantação;;;;;;;;;;;;;Implantação;;;;;;;;;;;;;;;;;;;;;;;
4617;FLONA do Parima;FLONA;GR 1;GR 1;RR;Amazonia;;;;;;;;;;;;;;;;;;;;;;;;;;;;;;;;;;;;;;;;;;
4581;PARNA da Serra do Teixeira;PARNA;GR 2;GR 2;PB;Caatinga;;;;;;;;;;;;;;;;;;;;;;;;;;;;;;;;;;;;;;;;;;
3696;APA da Ararinha Azul;APA;GR 2;GR 2;BA;Caatinga;;GEF Terrestre;;;;;;;;;;;;;;;;;;;;;;;;;;;;;;;;;;;;;;;;
3643;APA do Arqupélago de São Pedro e São Paulo;APA;GR 2;GR 2;PB;Marinho -Costeiro;;GEF Mar;;;;;;;;;;;;;;;;;;;;;;;;;;;;;;;;;;;;;;;;
3644;MONA do Arquiélago de São Pedro e São Paulo;MONA;GR 2;GR 2;PB;Marinho-Costeiro;;GEF MAR;;;;;;;;;;;;;;;;;;;;;;;;;;;;;;;;;;;;;;;;
3655;APA do Boqueirão da Onça;APA;GR 2;GR 2 ;BA ;Caatinga;;;;;;;;;;;;;;;;;;;;;;;;;;;;;;;;;;;;;;;;;;
3694;REVIS da Ararinha Azul;RVS;GR 2;GR 2;BA;Caatinga;;GEF Terrestre;;;;;;;;;;;;;;;;;;;;;;;;;;;;;;;;;;;;;;;;
3654;RESEX Arapiranga- Tromaí;RESEX;GR 1;GR 1;MA;Marinho-Costeiro;;;;;;;;;;;;;;;;;;;;;;;;;;;;;;;;;;;;;;;;;;
3693;RESEX Baixo Rio Branco-Jauaperi;RESEX;GR 1;GR 1;AM/ RR;Amazônia;;;;;;;;;;;;;;;;;;;;;;;;;;;;;;;;;;;;;;;;;;
3653;RESEX da Baía do Tubarão;RESEX;GR 1;GR 1;MA;Marinho-Costeiro, Amazônia e Cerrado;;;;;;;;;;;;;;;;;;;;;;;;;;;;;;;;;;;;;;;;;;
3651;RESEX Itapetininga;RESEX;GR 1;GR 1;MA;Marinho-Costeiro;;;;;;;;;;;;;;;;;;;;;;;;;;;;;;;;;;;;;;;;;;
3652;PARNA do Boqueirão da Onça;PARNA;GR 2;GR 2;BA;Caatinga;;;;;;;;;;;;;;;;;;;;;;;;;;;;;;;;;;;;;;;;;;
